year,month,Symbol,Closing,Date,MAX
13,02,ALHE,1892.431075,13/02,3766.5664666666667
13,03,ALHE,1894.729588888889,13/03,3766.5664666666667
13,04,ALHE,1896.1790736842104,13/04,3766.5664666666667
13,05,ALHE,1982.0506099999996,13/05,3766.5664666666667
13,06,ALHE,1955.200347619047,13/06,3766.5664666666667
13,07,ALHE,1959.9326954545459,13/07,3766.5664666666667
13,08,ALHE,1911.6548666666667,13/08,3766.5664666666667
13,09,ALHE,1908.2777625000003,13/09,3766.5664666666667
13,10,ALHE,1989.0360956521738,13/10,3766.5664666666667
13,11,ALHE,2018.4572999999996,13/11,3766.5664666666667
13,12,ALHE,1974.4317173913046,13/12,3766.5664666666667
14,01,ALHE,1967.7331318181816,14/01,3766.5664666666667
14,02,ALHE,1959.571455,14/02,3766.5664666666667
14,03,ALHE,2077.7807571428575,14/03,3766.5664666666667
14,04,ALHE,2115.0230111111105,14/04,3766.5664666666667
14,05,ALHE,2139.0521947368416,14/05,3766.5664666666667
14,06,ALHE,2271.9961,14/06,3766.5664666666667
14,07,ALHE,2233.633865217391,14/07,3766.5664666666667
14,08,ALHE,2222.550835,14/08,3766.5664666666667
14,09,ALHE,2315.0532600000006,14/09,3766.5664666666667
14,10,ALHE,2252.8555055555553,14/10,3766.5664666666667
14,11,ALHE,2241.457276190476,14/11,3766.5664666666667
14,12,ALHE,2286.8660739130437,14/12,3766.5664666666667
15,01,ALHE,2323.9096380952383,15/01,3766.5664666666667
15,02,ALHE,2536.270215,15/02,3766.5664666666667
15,03,ALHE,2611.879038095238,15/03,3766.5664666666667
15,04,ALHE,2752.4622210526313,15/04,3766.5664666666667
15,05,ALHE,2759.8884699999994,15/05,3766.5664666666667
15,06,ALHE,2622.0668045454545,15/06,3766.5664666666667
15,07,ALHE,2617.0726809523803,15/07,3766.5664666666667
15,08,ALHE,2681.7293000000004,15/08,3766.5664666666667
15,09,ALHE,2613.8101533333333,15/09,3766.5664666666667
15,10,ALHE,2641.812673684211,15/10,3766.5664666666667
15,11,ALHE,2622.2559499999993,15/11,3766.5664666666667
15,12,ALHE,2592.824039130435,15/12,3766.5664666666667
16,01,ALHE,2562.438057142858,16/01,3766.5664666666667
16,02,ALHE,2476.7022523809524,16/02,3766.5664666666667
16,03,ALHE,2633.6355954545447,16/03,3766.5664666666667
16,04,ALHE,2811.797878947368,16/04,3766.5664666666667
16,05,ALHE,2908.1683333333335,16/05,3766.5664666666667
16,06,ALHE,2940.443714285714,16/06,3766.5664666666667
16,07,ALHE,3041.0974523809523,16/07,3766.5664666666667
16,08,ALHE,3332.4109000000008,16/08,3766.5664666666667
16,09,ALHE,3247.224538095238,16/09,3766.5664666666667
16,10,ALHE,3130.4245461538458,16/10,3766.5664666666667
16,11,ALHE,2995.043059090909,16/11,3766.5664666666667
16,12,ALHE,2955.099085714286,16/12,3766.5664666666667
17,01,ALHE,3009.4252869565216,17/01,3766.5664666666667
17,02,ALHE,3039.7137299999995,17/02,3766.5664666666667
17,03,ALHE,3250.1289666666667,17/03,3766.5664666666667
17,04,ALHE,3350.6506705882352,17/04,3766.5664666666667
17,05,ALHE,3441.6736473684214,17/05,3766.5664666666667
17,06,ALHE,3469.8365380952378,17/06,3766.5664666666667
17,07,ALHE,3506.390563636364,17/07,3766.5664666666667
17,08,ALHE,3575.1977863636366,17/08,3766.5664666666667
17,09,ALHE,3766.5664666666667,17/09,3766.5664666666667
17,10,ALHE,3732.315789473684,17/10,3766.5664666666667
17,11,ALHE,3670.909090909091,17/11,3766.5664666666667
17,12,ALHE,3676.9523809523807,17/12,3766.5664666666667
18,01,ALHE,3661.5652173913045,18/01,3766.5664666666667
18,02,ALHE,3346.625,18/02,3766.5664666666667
13,02,AMOT,727.1800000000001,13/02,2104.0
13,03,AMOT,728.4367722222222,13/03,2104.0
13,04,AMOT,746.893142105263,13/04,2104.0
13,05,AMOT,761.599935,13/05,2104.0
13,06,AMOT,773.3166904761906,13/06,2104.0
13,07,AMOT,747.2493772727271,13/07,2104.0
13,08,AMOT,783.3793809523808,13/08,2104.0
13,09,AMOT,805.9062250000001,13/09,2104.0
13,10,AMOT,815.0604521739127,13/10,2104.0
13,11,AMOT,820.8619350000001,13/11,2104.0
13,12,AMOT,827.2618652173911,13/12,2104.0
14,01,AMOT,838.5632681818183,14/01,2104.0
14,02,AMOT,830.409215,14/02,2104.0
14,03,AMOT,860.6190428571429,14/03,2104.0
14,04,AMOT,902.0243166666664,14/04,2104.0
14,05,AMOT,891.1044052631579,14/05,2104.0
14,06,AMOT,928.680205,14/06,2104.0
14,07,AMOT,922.072047826087,14/07,2104.0
14,08,AMOT,903.4911499999998,14/08,2104.0
14,09,AMOT,965.3570000000002,14/09,2104.0
14,10,AMOT,984.2970388888888,14/10,2104.0
14,11,AMOT,994.5036666666668,14/11,2104.0
14,12,AMOT,983.418965217391,14/12,2104.0
15,01,AMOT,976.7812952380951,15/01,2104.0
15,02,AMOT,1035.80934,15/02,2104.0
15,03,AMOT,1077.7354571428573,15/03,2104.0
15,04,AMOT,1135.6696842105262,15/04,2104.0
15,05,AMOT,1113.737125,15/05,2104.0
15,06,AMOT,1072.2680272727273,15/06,2104.0
15,07,AMOT,1038.8768666666667,15/07,2104.0
15,08,AMOT,1049.860790909091,15/08,2104.0
15,09,AMOT,1069.9137066666667,15/09,2104.0
15,10,AMOT,1090.1408421052631,15/10,2104.0
15,11,AMOT,1109.1186818181818,15/11,2104.0
15,12,AMOT,1125.8002695652174,15/12,2104.0
16,01,AMOT,1120.6628285714287,16/01,2104.0
16,02,AMOT,1106.321619047619,16/02,2104.0
16,03,AMOT,1167.5134,16/03,2104.0
16,04,AMOT,1229.5694947368422,16/04,2104.0
16,05,AMOT,1294.7595238095237,16/05,2104.0
16,06,AMOT,1383.279752380952,16/06,2104.0
16,07,AMOT,1467.0251190476192,16/07,2104.0
16,08,AMOT,1566.3254363636363,16/08,2104.0
16,09,AMOT,1533.3568333333333,16/09,2104.0
16,10,AMOT,1485.6639692307692,16/10,2104.0
16,11,AMOT,1504.685490909091,16/11,2104.0
16,12,AMOT,1517.6704476190475,16/12,2104.0
17,01,AMOT,1507.771347826087,17/01,2104.0
17,02,AMOT,1525.0492950000003,17/02,2104.0
17,03,AMOT,1656.994361904762,17/03,2104.0
17,04,AMOT,1704.243882352941,17/04,2104.0
17,05,AMOT,1770.7407368421052,17/05,2104.0
17,06,AMOT,1766.9703523809524,17/06,2104.0
17,07,AMOT,1830.597640909091,17/07,2104.0
17,08,AMOT,1874.7277409090907,17/08,2104.0
17,09,AMOT,1925.6861611111115,17/09,2104.0
17,10,AMOT,1990.8171842105264,17/10,2104.0
17,11,AMOT,2049.9994545454542,17/11,2104.0
17,12,AMOT,2040.0,17/12,2104.0
18,01,AMOT,2104.0,18/01,2104.0
18,02,AMOT,1965.1875,18/02,2104.0
13,02,ARPT,1597.920225,13/02,4692.728515789473
13,03,ARPT,1677.0384999999997,13/03,4692.728515789473
13,04,ARPT,1842.155273684211,13/04,4692.728515789473
13,05,ARPT,2059.24918,13/05,4692.728515789473
13,06,ARPT,2136.459438095238,13/06,4692.728515789473
13,07,ARPT,2220.2211545454543,13/07,4692.728515789473
13,08,ARPT,2450.840823809524,13/08,4692.728515789473
13,09,ARPT,2445.3403500000004,13/09,4692.728515789473
13,10,ARPT,2664.919143478261,13/10,4692.728515789473
13,11,ARPT,2772.6551699999995,13/11,4692.728515789473
13,12,ARPT,2726.9924521739135,13/12,4692.728515789473
14,01,ARPT,2913.3713090909096,14/01,4692.728515789473
14,02,ARPT,2998.0842600000005,14/02,4692.728515789473
14,03,ARPT,3231.3622333333333,14/03,4692.728515789473
14,04,ARPT,3161.7269722222222,14/04,4692.728515789473
14,05,ARPT,3080.5486210526315,14/05,4692.728515789473
14,06,ARPT,3036.540425,14/06,4692.728515789473
14,07,ARPT,2975.598617391304,14/07,4692.728515789473
14,08,ARPT,2943.58648,14/08,4692.728515789473
14,09,ARPT,3315.4841100000003,14/09,4692.728515789473
14,10,ARPT,3184.6023388888884,14/10,4692.728515789473
14,11,ARPT,3029.143219047619,14/11,4692.728515789473
14,12,ARPT,3020.9332391304347,14/12,4692.728515789473
15,01,ARPT,2943.5036333333333,15/01,4692.728515789473
15,02,ARPT,3234.5176550000006,15/02,4692.728515789473
15,03,ARPT,3467.8267238095236,15/03,4692.728515789473
15,04,ARPT,3842.430621052631,15/04,4692.728515789473
15,05,ARPT,3723.787755,15/05,4692.728515789473
15,06,ARPT,3552.6842818181817,15/06,4692.728515789473
15,07,ARPT,3622.471519047619,15/07,4692.728515789473
15,08,ARPT,3656.996340909091,15/08,4692.728515789473
15,09,ARPT,3373.1902133333333,15/09,4692.728515789473
15,10,ARPT,3448.8945157894736,15/10,4692.728515789473
15,11,ARPT,3318.0574090909095,15/11,4692.728515789473
15,12,ARPT,3313.417586956522,15/12,4692.728515789473
16,01,ARPT,3354.7186761904763,16/01,4692.728515789473
16,02,ARPT,3241.9311999999995,16/02,4692.728515789473
16,03,ARPT,3391.9497545454537,16/03,4692.728515789473
16,04,ARPT,3488.6631578947363,16/04,4692.728515789473
16,05,ARPT,3478.98888095238,16/05,4692.728515789473
16,06,ARPT,3503.1512904761903,16/06,4692.728515789473
16,07,ARPT,3765.4354190476192,16/07,4692.728515789473
16,08,ARPT,3973.3772909090917,16/08,4692.728515789473
16,09,ARPT,3895.779457142857,16/09,4692.728515789473
16,10,ARPT,3883.393030769231,16/10,4692.728515789473
16,11,ARPT,3707.610863636363,16/11,4692.728515789473
16,12,ARPT,3582.51041904762,16/12,4692.728515789473
17,01,ARPT,3716.5862739130434,17/01,4692.728515789473
17,02,ARPT,3930.7573199999997,17/02,4692.728515789473
17,03,ARPT,4327.377838095238,17/03,4692.728515789473
17,04,ARPT,4504.098599999999,17/04,4692.728515789473
17,05,ARPT,4692.728515789473,17/05,4692.728515789473
17,06,ARPT,4522.691614285715,17/06,4692.728515789473
17,07,ARPT,4508.33265,17/07,4692.728515789473
17,08,ARPT,4534.360349999999,17/08,4692.728515789473
17,09,ARPT,4262.9688444444455,17/09,4692.728515789473
17,10,ARPT,4477.37642631579,17/10,4692.728515789473
17,11,ARPT,4464.909090909091,17/11,4692.728515789473
17,12,ARPT,4205.0952380952385,17/12,4692.728515789473
18,01,ARPT,4349.260869565217,18/01,4692.728515789473
18,02,ARPT,4194.6875,18/02,4692.728515789473
13,02,BEZQ,268.98095,13/02,754.394559090909
13,03,BEZQ,276.1457333333334,13/03,754.394559090909
13,04,BEZQ,299.3936999999999,13/04,754.394559090909
13,05,BEZQ,290.47060999999997,13/05,754.394559090909
13,06,BEZQ,304.92899047619045,13/06,754.394559090909
13,07,BEZQ,335.5099363636363,13/07,754.394559090909
13,08,BEZQ,373.9447380952381,13/08,754.394559090909
13,09,BEZQ,404.78147499999994,13/09,754.394559090909
13,10,BEZQ,446.26754782608697,13/10,754.394559090909
13,11,BEZQ,428.88955999999996,13/11,754.394559090909
13,12,BEZQ,419.6444,13/12,754.394559090909
14,01,BEZQ,394.34365909090906,14/01,754.394559090909
14,02,BEZQ,394.482685,14/02,754.394559090909
14,03,BEZQ,408.3234142857142,14/03,754.394559090909
14,04,BEZQ,447.9157333333333,14/04,754.394559090909
14,05,BEZQ,459.64474736842095,14/05,754.394559090909
14,06,BEZQ,458.375425,14/06,754.394559090909
14,07,BEZQ,463.2623086956521,14/07,754.394559090909
14,08,BEZQ,476.52904,14/08,754.394559090909
14,09,BEZQ,504.82801500000005,14/09,754.394559090909
14,10,BEZQ,512.5519611111109,14/10,754.394559090909
14,11,BEZQ,513.3285333333334,14/11,754.394559090909
14,12,BEZQ,553.3238086956521,14/12,754.394559090909
15,01,BEZQ,514.4596809523808,15/01,754.394559090909
15,02,BEZQ,515.155105,15/02,754.394559090909
15,03,BEZQ,545.2779952380954,15/03,754.394559090909
15,04,BEZQ,584.4713789473685,15/04,754.394559090909
15,05,BEZQ,546.1808800000001,15/05,754.394559090909
15,06,BEZQ,549.1575227272729,15/06,754.394559090909
15,07,BEZQ,564.3503809523811,15/07,754.394559090909
15,08,BEZQ,596.9160090909091,15/08,754.394559090909
15,09,BEZQ,617.8525666666667,15/09,754.394559090909
15,10,BEZQ,668.124857894737,15/10,754.394559090909
15,11,BEZQ,708.2401863636363,15/11,754.394559090909
15,12,BEZQ,711.222095652174,15/12,754.394559090909
16,01,BEZQ,727.8507047619048,16/01,754.394559090909
16,02,BEZQ,723.3619571428569,16/02,754.394559090909
16,03,BEZQ,754.394559090909,16/03,754.394559090909
16,04,BEZQ,713.7744736842105,16/04,754.394559090909
16,05,BEZQ,679.3221666666666,16/05,754.394559090909
16,06,BEZQ,650.8138428571428,16/06,754.394559090909
16,07,BEZQ,686.6512,16/07,754.394559090909
16,08,BEZQ,660.8519318181818,16/08,754.394559090909
16,09,BEZQ,659.3289857142859,16/09,754.394559090909
16,10,BEZQ,647.9355230769231,16/10,754.394559090909
16,11,BEZQ,631.4145818181819,16/11,754.394559090909
16,12,BEZQ,633.1615571428572,16/12,754.394559090909
17,01,BEZQ,632.8189217391306,17/01,754.394559090909
17,02,BEZQ,601.9158649999999,17/02,754.394559090909
17,03,BEZQ,598.0395571428571,17/03,754.394559090909
17,04,BEZQ,578.7931176470588,17/04,754.394559090909
17,05,BEZQ,577.0813526315789,17/05,754.394559090909
17,06,BEZQ,580.5589095238096,17/06,754.394559090909
17,07,BEZQ,530.8381727272728,17/07,754.394559090909
17,08,BEZQ,496.48573636363636,17/08,754.394559090909
17,09,BEZQ,489.0685666666667,17/09,754.394559090909
17,10,BEZQ,510.6105263157895,17/10,754.394559090909
17,11,BEZQ,523.6727272727272,17/11,754.394559090909
17,12,BEZQ,521.690476190476,17/12,754.394559090909
18,01,BEZQ,551.7565217391304,18/01,754.394559090909
18,02,BEZQ,525.7750000000001,18/02,754.394559090909
13,02,CEL,2664.8100000000004,13/02,4772.652173913043
13,03,CEL,2852.967222222223,13/03,4772.652173913043
13,04,CEL,3203.2078947368423,13/04,4772.652173913043
13,05,CEL,3280.5629999999996,13/05,4772.652173913043
13,06,CEL,3257.5238095238087,13/06,4772.652173913043
13,07,CEL,3562.2963636363634,13/07,4772.652173913043
13,08,CEL,3933.099999999999,13/08,4772.652173913043
13,09,CEL,3854.1099999999997,13/09,4772.652173913043
13,10,CEL,4091.62304347826,13/10,4772.652173913043
13,11,CEL,4466.6335,13/11,4772.652173913043
13,12,CEL,4772.652173913043,13/12,4772.652173913043
14,01,CEL,4615.409090909091,14/01,4772.652173913043
14,02,CEL,4349.1,14/02,4772.652173913043
14,03,CEL,4555.857142857143,14/03,4772.652173913043
14,04,CEL,4686.388888888889,14/04,4772.652173913043
14,05,CEL,4477.210526315789,14/05,4772.652173913043
14,06,CEL,4497.15,14/06,4772.652173913043
14,07,CEL,4113.347826086957,14/07,4772.652173913043
14,08,CEL,4176.2,14/08,4772.652173913043
14,09,CEL,4265.0,14/09,4772.652173913043
14,10,CEL,4001.0555555555557,14/10,4772.652173913043
14,11,CEL,3628.190476190476,14/11,4772.652173913043
14,12,CEL,3570.2608695652175,14/12,4772.652173913043
15,01,CEL,2436.285714285714,15/01,4772.652173913043
15,02,CEL,2266.7,15/02,4772.652173913043
15,03,CEL,2114.0476190476193,15/03,4772.652173913043
15,04,CEL,1906.0526315789473,15/04,4772.652173913043
15,05,CEL,1637.3,15/05,4772.652173913043
15,06,CEL,1521.7727272727273,15/06,4772.652173913043
15,07,CEL,1802.5238095238096,15/07,4772.652173913043
15,08,CEL,2430.090909090909,15/08,4772.652173913043
15,09,CEL,2617.0,15/09,4772.652173913043
15,10,CEL,2713.684210526316,15/10,4772.652173913043
15,11,CEL,2854.5,15/11,4772.652173913043
15,12,CEL,2586.8695652173915,15/12,4772.652173913043
16,01,CEL,2572.2380952380954,16/01,4772.652173913043
16,02,CEL,2400.714285714286,16/02,4772.652173913043
16,03,CEL,2470.2272727272725,16/03,4772.652173913043
16,04,CEL,2804.5789473684213,16/04,4772.652173913043
16,05,CEL,2992.6190476190477,16/05,4772.652173913043
16,06,CEL,2715.3333333333335,16/06,4772.652173913043
16,07,CEL,2657.095238095238,16/07,4772.652173913043
16,08,CEL,2806.1363636363635,16/08,4772.652173913043
16,09,CEL,2857.4761904761904,16/09,4772.652173913043
16,10,CEL,2950.0,16/10,4772.652173913043
16,11,CEL,2895.3636363636365,16/11,4772.652173913043
16,12,CEL,3150.6666666666665,16/12,4772.652173913043
17,01,CEL,3705.086956521739,17/01,4772.652173913043
17,02,CEL,3888.55,17/02,4772.652173913043
17,03,CEL,3860.0,17/03,4772.652173913043
17,04,CEL,3686.294117647059,17/04,4772.652173913043
17,05,CEL,3664.4210526315787,17/05,4772.652173913043
17,06,CEL,3368.904761904762,17/06,4772.652173913043
17,07,CEL,3354.7272727272725,17/07,4772.652173913043
17,08,CEL,3179.590909090909,17/08,4772.652173913043
17,09,CEL,3304.722222222222,17/09,4772.652173913043
17,10,CEL,3379.0526315789475,17/10,4772.652173913043
17,11,CEL,3399.681818181818,17/11,4772.652173913043
17,12,CEL,3543.1428571428573,17/12,4772.652173913043
18,01,CEL,3428.0,18/01,4772.652173913043
18,02,CEL,2953.4375,18/02,4772.652173913043
13,02,DEDR.L,1114.997375,13/02,1565.2069833333333
13,03,DEDR.L,1137.0142277777777,13/03,1565.2069833333333
13,04,DEDR.L,1131.9295947368423,13/04,1565.2069833333333
13,05,DEDR.L,1151.795005,13/05,1565.2069833333333
13,06,DEDR.L,1161.6740904761905,13/06,1565.2069833333333
13,07,DEDR.L,1132.3590227272728,13/07,1565.2069833333333
13,08,DEDR.L,1213.5144238095238,13/08,1565.2069833333333
13,09,DEDR.L,1241.5994937499997,13/09,1565.2069833333333
13,10,DEDR.L,1352.7234434782608,13/10,1565.2069833333333
13,11,DEDR.L,1439.80859,13/11,1565.2069833333333
13,12,DEDR.L,1414.251795652174,13/12,1565.2069833333333
14,01,DEDR.L,1405.4194136363637,14/01,1565.2069833333333
14,02,DEDR.L,1389.4891199999997,14/02,1565.2069833333333
14,03,DEDR.L,1412.9795571428574,14/03,1565.2069833333333
14,04,DEDR.L,1498.3345722222216,14/04,1565.2069833333333
14,05,DEDR.L,1553.3236789473685,14/05,1565.2069833333333
14,06,DEDR.L,1538.938225,14/06,1565.2069833333333
14,07,DEDR.L,1536.3138652173914,14/07,1565.2069833333333
14,08,DEDR.L,1512.339665,14/08,1565.2069833333333
14,09,DEDR.L,1553.9584699999998,14/09,1565.2069833333333
14,10,DEDR.L,1565.2069833333333,14/10,1565.2069833333333
14,11,DEDR.L,1485.0452904761903,14/11,1565.2069833333333
14,12,DEDR.L,1309.556,14/12,1565.2069833333333
15,01,DEDR.L,1071.9490952380952,15/01,1565.2069833333333
15,02,DEDR.L,1066.4712599999998,15/02,1565.2069833333333
15,03,DEDR.L,1092.9183190476192,15/03,1565.2069833333333
15,04,DEDR.L,1252.0143263157897,15/04,1565.2069833333333
15,05,DEDR.L,1294.5882150000002,15/05,1565.2069833333333
15,06,DEDR.L,1357.1433090909088,15/06,1565.2069833333333
15,07,DEDR.L,1228.6363285714285,15/07,1565.2069833333333
15,08,DEDR.L,1169.2116727272728,15/08,1565.2069833333333
15,09,DEDR.L,953.8282333333332,15/09,1565.2069833333333
15,10,DEDR.L,1002.4770894736841,15/10,1565.2069833333333
15,11,DEDR.L,1091.597540909091,15/11,1565.2069833333333
15,12,DEDR.L,996.8986826086956,15/12,1565.2069833333333
16,01,DEDR.L,890.2951428571429,16/01,1565.2069833333333
16,02,DEDR.L,899.0198714285716,16/02,1565.2069833333333
16,03,DEDR.L,926.3873863636364,16/03,1565.2069833333333
16,04,DEDR.L,905.8428947368419,16/04,1565.2069833333333
16,05,DEDR.L,997.1042523809522,16/05,1565.2069833333333
16,06,DEDR.L,1093.5230095238094,16/06,1565.2069833333333
16,07,DEDR.L,1131.919523809524,16/07,1565.2069833333333
16,08,DEDR.L,1124.7245681818183,16/08,1565.2069833333333
16,09,DEDR.L,1092.1239333333333,16/09,1565.2069833333333
16,10,DEDR.L,1132.9628384615385,16/10,1565.2069833333333
16,11,DEDR.L,1092.7846,16/11,1565.2069833333333
16,12,DEDR.L,1182.441238095238,16/12,1565.2069833333333
17,01,DEDR.L,1153.4962695652173,17/01,1565.2069833333333
17,02,DEDR.L,1126.2414000000003,17/02,1565.2069833333333
17,03,DEDR.L,1156.531095238095,17/03,1565.2069833333333
17,04,DEDR.L,1131.5174529411765,17/04,1565.2069833333333
17,05,DEDR.L,1207.9220315789473,17/05,1565.2069833333333
17,06,DEDR.L,1239.817047619048,17/06,1565.2069833333333
17,07,DEDR.L,1239.6542681818182,17/07,1565.2069833333333
17,08,DEDR.L,1150.1803045454546,17/08,1565.2069833333333
17,09,DEDR.L,1071.1437277777777,17/09,1565.2069833333333
17,10,DEDR.L,999.4555631578947,17/10,1565.2069833333333
17,11,DEDR.L,955.9717136363637,17/11,1565.2069833333333
17,12,DEDR.L,964.0472142857143,17/12,1565.2069833333333
18,01,DEDR.L,961.8999999999999,18/01,1565.2069833333333
18,02,DEDR.L,889.65625,18/02,1565.2069833333333
13,02,DSCT,637.275,13/02,1013.4173913043478
13,03,DSCT,647.1833333333333,13/03,1013.4173913043478
13,04,DSCT,597.4578947368421,13/04,1013.4173913043478
13,05,DSCT,605.345,13/05,1013.4173913043478
13,06,DSCT,623.6714285714286,13/06,1013.4173913043478
13,07,DSCT,609.2181818181817,13/07,1013.4173913043478
13,08,DSCT,595.1761904761905,13/08,1013.4173913043478
13,09,DSCT,603.64375,13/09,1013.4173913043478
13,10,DSCT,658.5173913043478,13/10,1013.4173913043478
13,11,DSCT,699.2400000000001,13/11,1013.4173913043478
13,12,DSCT,672.9304347826086,13/12,1013.4173913043478
14,01,DSCT,633.1863636363637,14/01,1013.4173913043478
14,02,DSCT,621.41,14/02,1013.4173913043478
14,03,DSCT,643.5666666666666,14/03,1013.4173913043478
14,04,DSCT,632.9777777777779,14/04,1013.4173913043478
14,05,DSCT,619.842105263158,14/05,1013.4173913043478
14,06,DSCT,599.2700000000001,14/06,1013.4173913043478
14,07,DSCT,580.5391304347828,14/07,1013.4173913043478
14,08,DSCT,602.61,14/08,1013.4173913043478
14,09,DSCT,619.84,14/09,1013.4173913043478
14,10,DSCT,619.8111111111111,14/10,1013.4173913043478
14,11,DSCT,608.0238095238095,14/11,1013.4173913043478
14,12,DSCT,629.7782608695652,14/12,1013.4173913043478
15,01,DSCT,621.6380952380952,15/01,1013.4173913043478
15,02,DSCT,615.14,15/02,1013.4173913043478
15,03,DSCT,653.0285714285715,15/03,1013.4173913043478
15,04,DSCT,682.7315789473683,15/04,1013.4173913043478
15,05,DSCT,680.28,15/05,1013.4173913043478
15,06,DSCT,715.5,15/06,1013.4173913043478
15,07,DSCT,738.7952380952381,15/07,1013.4173913043478
15,08,DSCT,752.45,15/08,1013.4173913043478
15,09,DSCT,736.7333333333333,15/09,1013.4173913043478
15,10,DSCT,720.0315789473684,15/10,1013.4173913043478
15,11,DSCT,718.7272727272729,15/11,1013.4173913043478
15,12,DSCT,695.4260869565218,15/12,1013.4173913043478
16,01,DSCT,667.4285714285713,16/01,1013.4173913043478
16,02,DSCT,643.5142857142857,16/02,1013.4173913043478
16,03,DSCT,642.5409090909089,16/03,1013.4173913043478
16,04,DSCT,632.7315789473683,16/04,1013.4173913043478
16,05,DSCT,633.0571428571429,16/05,1013.4173913043478
16,06,DSCT,643.8619047619047,16/06,1013.4173913043478
16,07,DSCT,662.8333333333335,16/07,1013.4173913043478
16,08,DSCT,680.0954545454545,16/08,1013.4173913043478
16,09,DSCT,699.0380952380953,16/09,1013.4173913043478
16,10,DSCT,707.9846153846154,16/10,1013.4173913043478
16,11,DSCT,747.6909090909091,16/11,1013.4173913043478
16,12,DSCT,786.6238095238097,16/12,1013.4173913043478
17,01,DSCT,799.9695652173914,17/01,1013.4173913043478
17,02,DSCT,798.7900000000001,17/02,1013.4173913043478
17,03,DSCT,818.8095238095236,17/03,1013.4173913043478
17,04,DSCT,867.7647058823527,17/04,1013.4173913043478
17,05,DSCT,898.4578947368421,17/05,1013.4173913043478
17,06,DSCT,911.0428571428572,17/06,1013.4173913043478
17,07,DSCT,919.9318181818181,17/07,1013.4173913043478
17,08,DSCT,916.8590909090908,17/08,1013.4173913043478
17,09,DSCT,891.3833333333334,17/09,1013.4173913043478
17,10,DSCT,913.0105263157895,17/10,1013.4173913043478
17,11,DSCT,955.6681818181819,17/11,1013.4173913043478
17,12,DSCT,989.4285714285714,17/12,1013.4173913043478
18,01,DSCT,1013.4173913043478,18/01,1013.4173913043478
18,02,DSCT,984.04375,18/02,1013.4173913043478
13,02,FTIN,4256.300325,13/02,7539.217391304348
13,03,FTIN,4254.207088888888,13/03,7539.217391304348
13,04,FTIN,4276.485742105263,13/04,7539.217391304348
13,05,FTIN,4405.4493200000015,13/05,7539.217391304348
13,06,FTIN,4572.194323809525,13/06,7539.217391304348
13,07,FTIN,4584.947172727272,13/07,7539.217391304348
13,08,FTIN,4647.797795238095,13/08,7539.217391304348
13,09,FTIN,4702.018787500001,13/09,7539.217391304348
13,10,FTIN,4825.015078260868,13/10,7539.217391304348
13,11,FTIN,4886.17802,13/11,7539.217391304348
13,12,FTIN,4864.156808695653,13/12,7539.217391304348
14,01,FTIN,4826.726131818181,14/01,7539.217391304348
14,02,FTIN,4783.127145,14/02,7539.217391304348
14,03,FTIN,4932.154466666667,14/03,7539.217391304348
14,04,FTIN,5092.6898,14/04,7539.217391304348
14,05,FTIN,5038.944657894735,14/05,7539.217391304348
14,06,FTIN,4909.7199949999995,14/06,7539.217391304348
14,07,FTIN,4840.2302913043495,14/07,7539.217391304348
14,08,FTIN,4890.689229999998,14/08,7539.217391304348
14,09,FTIN,5039.834930000001,14/09,7539.217391304348
14,10,FTIN,4943.741344444445,14/10,7539.217391304348
14,11,FTIN,4775.44998095238,14/11,7539.217391304348
14,12,FTIN,4631.405934782609,14/12,7539.217391304348
15,01,FTIN,4433.172214285714,15/01,7539.217391304348
15,02,FTIN,4449.742480000001,15/02,7539.217391304348
15,03,FTIN,4787.15240952381,15/03,7539.217391304348
15,04,FTIN,4863.205231578947,15/04,7539.217391304348
15,05,FTIN,4732.8973099999985,15/05,7539.217391304348
15,06,FTIN,4815.542277272728,15/06,7539.217391304348
15,07,FTIN,4879.0898857142865,15/07,7539.217391304348
15,08,FTIN,4804.51395,15/08,7539.217391304348
15,09,FTIN,4478.979973333333,15/09,7539.217391304348
15,10,FTIN,4443.15962105263,15/10,7539.217391304348
15,11,FTIN,4352.1691,15/11,7539.217391304348
15,12,FTIN,4206.55985652174,15/12,7539.217391304348
16,01,FTIN,4238.279547619048,16/01,7539.217391304348
16,02,FTIN,3994.9061285714283,16/02,7539.217391304348
16,03,FTIN,4265.55424090909,16/03,7539.217391304348
16,04,FTIN,4320.333789473683,16/04,7539.217391304348
16,05,FTIN,4359.878804761905,16/05,7539.217391304348
16,06,FTIN,4338.643728571427,16/06,7539.217391304348
16,07,FTIN,4360.446800000001,16/07,7539.217391304348
16,08,FTIN,4455.615504545454,16/08,7539.217391304348
16,09,FTIN,4415.238604761905,16/09,7539.217391304348
16,10,FTIN,4496.565823076923,16/10,7539.217391304348
16,11,FTIN,4699.4740136363625,16/11,7539.217391304348
16,12,FTIN,5174.7096095238085,16/12,7539.217391304348
17,01,FTIN,5343.041043478261,17/01,7539.217391304348
17,02,FTIN,5399.839674999998,17/02,7539.217391304348
17,03,FTIN,5698.765295238095,17/03,7539.217391304348
17,04,FTIN,5692.579064705882,17/04,7539.217391304348
17,05,FTIN,5766.3345,17/05,7539.217391304348
17,06,FTIN,6193.252323809524,17/06,7539.217391304348
17,07,FTIN,6301.922236363636,17/07,7539.217391304348
17,08,FTIN,6385.202486363635,17/08,7539.217391304348
17,09,FTIN,6419.514805555555,17/09,7539.217391304348
17,10,FTIN,6549.013542105262,17/10,7539.217391304348
17,11,FTIN,6831.341745454544,17/11,7539.217391304348
17,12,FTIN,7186.428571428572,17/12,7539.217391304348
18,01,FTIN,7539.217391304348,18/01,7539.217391304348
18,02,FTIN,7476.0625,18/02,7539.217391304348
13,02,GZT,4047.96475,13/02,4554.446952631578
13,03,GZT,4084.9118888888875,13/03,4554.446952631578
13,04,GZT,3934.642842105263,13/04,4554.446952631578
13,05,GZT,4049.470599999999,13/05,4554.446952631578
13,06,GZT,4051.2544,13/06,4554.446952631578
13,07,GZT,4021.0714181818184,13/07,4554.446952631578
13,08,GZT,3894.6875095238092,13/08,4554.446952631578
13,09,GZT,3822.4361125,13/09,4554.446952631578
13,10,GZT,3963.1793347826074,13/10,4554.446952631578
13,11,GZT,3975.138375,13/11,4554.446952631578
13,12,GZT,3962.2375130434784,13/12,4554.446952631578
14,01,GZT,3804.9167454545454,14/01,4554.446952631578
14,02,GZT,3757.7212699999995,14/02,4554.446952631578
14,03,GZT,3855.95980952381,14/03,4554.446952631578
14,04,GZT,3816.8665944444447,14/04,4554.446952631578
14,05,GZT,3898.407778947369,14/05,4554.446952631578
14,06,GZT,4028.3918949999997,14/06,4554.446952631578
14,07,GZT,4017.2659217391306,14/07,4554.446952631578
14,08,GZT,3938.2888349999994,14/08,4554.446952631578
14,09,GZT,4010.7142550000012,14/09,4554.446952631578
14,10,GZT,3993.9424111111116,14/10,4554.446952631578
14,11,GZT,3998.4856857142854,14/11,4554.446952631578
14,12,GZT,4014.7253695652166,14/12,4554.446952631578
15,01,GZT,4219.380923809523,15/01,4554.446952631578
15,02,GZT,4437.275090000001,15/02,4554.446952631578
15,03,GZT,4478.966233333333,15/03,4554.446952631578
15,04,GZT,4554.446952631578,15/04,4554.446952631578
15,05,GZT,4389.782585,15/05,4554.446952631578
15,06,GZT,4166.01105,15/06,4554.446952631578
15,07,GZT,3992.5713999999994,15/07,4554.446952631578
15,08,GZT,3927.351718181819,15/08,4554.446952631578
15,09,GZT,3642.970673333334,15/09,4554.446952631578
15,10,GZT,3730.9784999999997,15/10,4554.446952631578
15,11,GZT,3657.817509090909,15/11,4554.446952631578
15,12,GZT,3404.1162608695654,15/12,4554.446952631578
16,01,GZT,3056.021195238095,16/01,4554.446952631578
16,02,GZT,2686.0621476190468,16/02,4554.446952631578
16,03,GZT,3046.9233272727274,16/03,4554.446952631578
16,04,GZT,3231.7036842105267,16/04,4554.446952631578
16,05,GZT,3192.7003476190475,16/05,4554.446952631578
16,06,GZT,3182.2493190476184,16/06,4554.446952631578
16,07,GZT,3433.008985714286,16/07,4554.446952631578
16,08,GZT,3690.725663636364,16/08,4554.446952631578
16,09,GZT,3545.576661904762,16/09,4554.446952631578
16,10,GZT,3484.597630769231,16/10,4554.446952631578
16,11,GZT,3231.292136363636,16/11,4554.446952631578
16,12,GZT,3235.5132619047617,16/12,4554.446952631578
17,01,GZT,3414.7922173913043,17/01,4554.446952631578
17,02,GZT,3552.7261249999997,17/02,4554.446952631578
17,03,GZT,3596.665814285714,17/03,4554.446952631578
17,04,GZT,3623.053094117647,17/04,4554.446952631578
17,05,GZT,3526.8622105263157,17/05,4554.446952631578
17,06,GZT,3373.916828571428,17/06,4554.446952631578
17,07,GZT,3352.9702636363627,17/07,4554.446952631578
17,08,GZT,3385.0043000000005,17/08,4554.446952631578
17,09,GZT,3382.5885888888897,17/09,4554.446952631578
17,10,GZT,3341.4649210526322,17/10,4554.446952631578
17,11,GZT,3390.9017272727274,17/11,4554.446952631578
17,12,GZT,3594.4474428571434,17/12,4554.446952631578
18,01,GZT,3668.608695652174,18/01,4554.446952631578
18,02,GZT,3439.3125,18/02,4554.446952631578
13,02,HARL,1185.834625,13/02,2728.0
13,03,HARL,1241.0182055555556,13/03,2728.0
13,04,HARL,1270.8688210526313,13/04,2728.0
13,05,HARL,1313.5548549999999,13/05,2728.0
13,06,HARL,1337.8471428571434,13/06,2728.0
13,07,HARL,1343.9349727272722,13/07,2728.0
13,08,HARL,1367.4457809523813,13/08,2728.0
13,09,HARL,1421.0477125,13/09,2728.0
13,10,HARL,1508.777882608696,13/10,2728.0
13,11,HARL,1564.6634550000003,13/11,2728.0
13,12,HARL,1469.4991347826085,13/12,2728.0
14,01,HARL,1493.9206772727275,14/01,2728.0
14,02,HARL,1457.78522,14/02,2728.0
14,03,HARL,1568.9351190476189,14/03,2728.0
14,04,HARL,1568.9587777777779,14/04,2728.0
14,05,HARL,1515.8716473684208,14/05,2728.0
14,06,HARL,1576.07189,14/06,2728.0
14,07,HARL,1557.6294304347823,14/07,2728.0
14,08,HARL,1566.8842250000002,14/08,2728.0
14,09,HARL,1580.304995,14/09,2728.0
14,10,HARL,1525.882466666667,14/10,2728.0
14,11,HARL,1488.0968952380954,14/11,2728.0
14,12,HARL,1476.949969565217,14/12,2728.0
15,01,HARL,1410.1912809523808,15/01,2728.0
15,02,HARL,1447.8386699999999,15/02,2728.0
15,03,HARL,1521.269138095238,15/03,2728.0
15,04,HARL,1496.2805526315792,15/04,2728.0
15,05,HARL,1437.3509149999998,15/05,2728.0
15,06,HARL,1418.9400545454546,15/06,2728.0
15,07,HARL,1487.6465095238095,15/07,2728.0
15,08,HARL,1513.0678863636365,15/08,2728.0
15,09,HARL,1421.0920666666668,15/09,2728.0
15,10,HARL,1372.5680894736845,15/10,2728.0
15,11,HARL,1327.919245454546,15/11,2728.0
15,12,HARL,1238.6308782608694,15/12,2728.0
16,01,HARL,1285.206038095238,16/01,2728.0
16,02,HARL,1134.6267904761905,16/02,2728.0
16,03,HARL,1165.3029545454547,16/03,2728.0
16,04,HARL,1279.382594736842,16/04,2728.0
16,05,HARL,1239.9299714285714,16/05,2728.0
16,06,HARL,1224.7776523809523,16/06,2728.0
16,07,HARL,1236.4042238095235,16/07,2728.0
16,08,HARL,1232.5642681818183,16/08,2728.0
16,09,HARL,1236.4205285714288,16/09,2728.0
16,10,HARL,1314.0005384615386,16/10,2728.0
16,11,HARL,1422.7568227272725,16/11,2728.0
16,12,HARL,1543.4775904761902,16/12,2728.0
17,01,HARL,1591.480160869565,17/01,2728.0
17,02,HARL,1772.4215049999998,17/02,2728.0
17,03,HARL,1811.4505619047618,17/03,2728.0
17,04,HARL,1774.8005294117645,17/04,2728.0
17,05,HARL,1862.168147368421,17/05,2728.0
17,06,HARL,1929.9311095238095,17/06,2728.0
17,07,HARL,2025.7955363636356,17/07,2728.0
17,08,HARL,2049.961818181818,17/08,2728.0
17,09,HARL,2083.942422222222,17/09,2728.0
17,10,HARL,2360.9473684210525,17/10,2728.0
17,11,HARL,2384.090909090909,17/11,2728.0
17,12,HARL,2512.904761904762,17/12,2728.0
18,01,HARL,2728.0,18/01,2728.0
18,02,HARL,2684.875,18/02,2728.0
13,02,ICL,3718.303075,13/02,3718.303075
13,03,ICL,3695.210699999999,13/03,3718.303075
13,04,ICL,3532.7722157894736,13/04,3718.303075
13,05,ICL,3252.76623,13/05,3718.303075
13,06,ICL,3073.6313428571425,13/06,3718.303075
13,07,ICL,2782.654395454546,13/07,3718.303075
13,08,ICL,2204.9495476190473,13/08,3718.303075
13,09,ICL,2281.7235375,13/09,3718.303075
13,10,ICL,2417.121839130435,13/10,3718.303075
13,11,ICL,2455.271025,13/11,3718.303075
13,12,ICL,2400.7478565217393,13/12,3718.303075
14,01,ICL,2406.2838227272728,14/01,3718.303075
14,02,ICL,2403.86902,14/02,3718.303075
14,03,ICL,2553.2024952380953,14/03,3718.303075
14,04,ICL,2621.2823333333336,14/04,3718.303075
14,05,ICL,2659.572415789474,14/05,3718.303075
14,06,ICL,2587.6484099999993,14/06,3718.303075
14,07,ICL,2491.821869565217,14/07,3718.303075
14,08,ICL,2423.2048099999997,14/08,3718.303075
14,09,ICL,2402.48061,14/09,3718.303075
14,10,ICL,2272.6420888888892,14/10,3718.303075
14,11,ICL,2329.137085714285,14/11,3718.303075
14,12,ICL,2454.206660869566,14/12,3718.303075
15,01,ICL,2540.0498190476183,15/01,3718.303075
15,02,ICL,2497.881945,15/02,3718.303075
15,03,ICL,2508.4275476190473,15/03,3718.303075
15,04,ICL,2499.8081052631574,15/04,3718.303075
15,05,ICL,2457.1157950000006,15/05,3718.303075
15,06,ICL,2451.744327272728,15/06,3718.303075
15,07,ICL,2365.4672000000005,15/07,3718.303075
15,08,ICL,2187.6618045454547,15/08,3718.303075
15,09,ICL,2057.5589133333337,15/09,3718.303075
15,10,ICL,1950.8846210526322,15/10,3718.303075
15,11,ICL,1834.9983454545456,15/11,3718.303075
15,12,ICL,1595.1622304347825,15/12,3718.303075
16,01,ICL,1459.0816095238097,16/01,3718.303075
16,02,ICL,1451.7036904761908,16/02,3718.303075
16,03,ICL,1551.977863636364,16/03,3718.303075
16,04,ICL,1612.882652631579,16/04,3718.303075
16,05,ICL,1527.4981761904767,16/05,3718.303075
16,06,ICL,1475.9639904761902,16/06,3718.303075
16,07,ICL,1463.8779285714286,16/07,3718.303075
16,08,ICL,1463.9516181818183,16/08,3718.303075
16,09,ICL,1452.7520666666667,16/09,3718.303075
16,10,ICL,1356.1714076923076,16/10,3718.303075
16,11,ICL,1373.4113227272728,16/11,3718.303075
16,12,ICL,1489.423571428572,16/12,3718.303075
17,01,ICL,1659.3236565217392,17/01,3718.303075
17,02,ICL,1623.0149000000001,17/02,3718.303075
17,03,ICL,1532.1127047619048,17/03,3718.303075
17,04,ICL,1501.3971588235297,17/04,3718.303075
17,05,ICL,1493.9379684210526,17/05,3718.303075
17,06,ICL,1532.5816761904764,17/06,3718.303075
17,07,ICL,1638.30315,17/07,3718.303075
17,08,ICL,1591.9802681818182,17/08,3718.303075
17,09,ICL,1520.586638888889,17/09,3718.303075
17,10,ICL,1493.2596578947368,17/10,3718.303075
17,11,ICL,1400.1425000000002,17/11,3718.303075
17,12,ICL,1416.518880952381,17/12,3718.303075
18,01,ICL,1461.8260869565217,18/01,3718.303075
18,02,ICL,1435.625,18/02,3718.303075
13,02,ISRA.L,41.26105,13/02,55.74004545454546
13,03,ISRA.L,42.81121666666667,13/03,55.74004545454546
13,04,ISRA.L,42.530568421052635,13/04,55.74004545454546
13,05,ISRA.L,41.85859,13/05,55.74004545454546
13,06,ISRA.L,41.290904761904756,13/06,55.74004545454546
13,07,ISRA.L,41.18001363636363,13/07,55.74004545454546
13,08,ISRA.L,42.42248095238095,13/08,55.74004545454546
13,09,ISRA.L,42.6253875,13/09,55.74004545454546
13,10,ISRA.L,45.01256086956522,13/10,55.74004545454546
13,11,ISRA.L,45.69847,13/11,55.74004545454546
13,12,ISRA.L,47.48650869565216,13/12,55.74004545454546
14,01,ISRA.L,46.23467272727273,14/01,55.74004545454546
14,02,ISRA.L,46.174890000000005,14/02,55.74004545454546
14,03,ISRA.L,47.99354285714285,14/03,55.74004545454546
14,04,ISRA.L,49.40453333333333,14/04,55.74004545454546
14,05,ISRA.L,50.51287894736842,14/05,55.74004545454546
14,06,ISRA.L,51.49669,14/06,55.74004545454546
14,07,ISRA.L,50.71081304347826,14/07,55.74004545454546
14,08,ISRA.L,50.01446999999999,14/08,55.74004545454546
14,09,ISRA.L,51.754335000000005,14/09,55.74004545454546
14,10,ISRA.L,52.17442222222221,14/10,55.74004545454546
14,11,ISRA.L,51.06389047619049,14/11,55.74004545454546
14,12,ISRA.L,49.7315347826087,14/12,55.74004545454546
15,01,ISRA.L,45.23367142857143,15/01,55.74004545454546
15,02,ISRA.L,43.41952499999999,15/02,55.74004545454546
15,03,ISRA.L,45.69577619047619,15/03,55.74004545454546
15,04,ISRA.L,49.19842105263158,15/04,55.74004545454546
15,05,ISRA.L,52.15690000000001,15/05,55.74004545454546
15,06,ISRA.L,55.74004545454546,15/06,55.74004545454546
15,07,ISRA.L,53.67803333333334,15/07,55.74004545454546
15,08,ISRA.L,52.90379090909091,15/08,55.74004545454546
15,09,ISRA.L,48.085573333333336,15/09,55.74004545454546
15,10,ISRA.L,47.78673684210526,15/10,55.74004545454546
15,11,ISRA.L,48.56262727272727,15/11,55.74004545454546
15,12,ISRA.L,46.838417391304354,15/12,55.74004545454546
16,01,ISRA.L,45.32237142857143,16/01,55.74004545454546
16,02,ISRA.L,43.96875238095237,16/02,55.74004545454546
16,03,ISRA.L,44.87574545454546,16/03,55.74004545454546
16,04,ISRA.L,44.64680526315791,16/04,55.74004545454546
16,05,ISRA.L,45.47873809523809,16/05,55.74004545454546
16,06,ISRA.L,46.67125714285714,16/06,55.74004545454546
16,07,ISRA.L,48.343109523809524,16/07,55.74004545454546
16,08,ISRA.L,51.50226818181816,16/08,55.74004545454546
16,09,ISRA.L,50.265023809523804,16/09,55.74004545454546
16,10,ISRA.L,49.23198461538462,16/10,55.74004545454546
16,11,ISRA.L,48.425018181818196,16/11,55.74004545454546
16,12,ISRA.L,47.555133333333345,16/12,55.74004545454546
17,01,ISRA.L,47.660969565217385,17/01,55.74004545454546
17,02,ISRA.L,47.067145000000004,17/02,55.74004545454546
17,03,ISRA.L,47.45849047619048,17/03,55.74004545454546
17,04,ISRA.L,49.118076470588235,17/04,55.74004545454546
17,05,ISRA.L,53.33802631578948,17/05,55.74004545454546
17,06,ISRA.L,50.408633333333334,17/06,55.74004545454546
17,07,ISRA.L,49.54553181818181,17/07,55.74004545454546
17,08,ISRA.L,47.72848636363636,17/08,55.74004545454546
17,09,ISRA.L,45.5814,17/09,55.74004545454546
17,10,ISRA.L,43.88371578947369,17/10,55.74004545454546
17,11,ISRA.L,43.70585454545455,17/11,55.74004545454546
17,12,ISRA.L,42.54685238095238,17/12,55.74004545454546
18,01,ISRA.L,43.8695652173913,18/01,55.74004545454546
18,02,ISRA.L,41.62499999999999,18/02,55.74004545454546
13,02,LUMI,1291.155825,13/02,2134.4347826086955
13,03,LUMI,1273.7426333333335,13/03,2134.4347826086955
13,04,LUMI,1220.9097105263156,13/04,2134.4347826086955
13,05,LUMI,1259.274195,13/05,2134.4347826086955
13,06,LUMI,1230.137852380952,13/06,2134.4347826086955
13,07,LUMI,1185.5579727272727,13/07,2134.4347826086955
13,08,LUMI,1172.857180952381,13/08,2134.4347826086955
13,09,LUMI,1216.8305875,13/09,2134.4347826086955
13,10,LUMI,1294.1853869565216,13/10,2134.4347826086955
13,11,LUMI,1345.2371699999999,13/11,2134.4347826086955
13,12,LUMI,1381.649282608696,13/12,2134.4347826086955
14,01,LUMI,1347.6776318181817,14/01,2134.4347826086955
14,02,LUMI,1293.405145,14/02,2134.4347826086955
14,03,LUMI,1319.9242523809526,14/03,2134.4347826086955
14,04,LUMI,1342.6890277777777,14/04,2134.4347826086955
14,05,LUMI,1336.6696999999997,14/05,2134.4347826086955
14,06,LUMI,1326.1669100000004,14/06,2134.4347826086955
14,07,LUMI,1313.9147304347828,14/07,2134.4347826086955
14,08,LUMI,1330.81224,14/08,2134.4347826086955
14,09,LUMI,1405.9686700000004,14/09,2134.4347826086955
14,10,LUMI,1403.0510833333328,14/10,2134.4347826086955
14,11,LUMI,1310.936319047619,14/11,2134.4347826086955
14,12,LUMI,1294.780652173913,14/12,2134.4347826086955
15,01,LUMI,1303.0660095238095,15/01,2134.4347826086955
15,02,LUMI,1290.7646049999996,15/02,2134.4347826086955
15,03,LUMI,1368.3566714285714,15/03,2134.4347826086955
15,04,LUMI,1459.944489473684,15/04,2134.4347826086955
15,05,LUMI,1474.9150300000003,15/05,2134.4347826086955
15,06,LUMI,1539.402859090909,15/06,2134.4347826086955
15,07,LUMI,1584.0674285714285,15/07,2134.4347826086955
15,08,LUMI,1550.7383272727272,15/08,2134.4347826086955
15,09,LUMI,1465.3147133333334,15/09,2134.4347826086955
15,10,LUMI,1453.0987421052628,15/10,2134.4347826086955
15,11,LUMI,1414.3569090909093,15/11,2134.4347826086955
15,12,LUMI,1323.439243478261,15/12,2134.4347826086955
16,01,LUMI,1302.1346142857144,16/01,2134.4347826086955
16,02,LUMI,1256.216880952381,16/02,2134.4347826086955
16,03,LUMI,1303.0469681818183,16/03,2134.4347826086955
16,04,LUMI,1341.610994736842,16/04,2134.4347826086955
16,05,LUMI,1344.792438095238,16/05,2134.4347826086955
16,06,LUMI,1353.2681095238095,16/06,2134.4347826086955
16,07,LUMI,1330.5421285714285,16/07,2134.4347826086955
16,08,LUMI,1377.8166863636368,16/08,2134.4347826086955
16,09,LUMI,1405.658961904762,16/09,2134.4347826086955
16,10,LUMI,1436.8534692307692,16/10,2134.4347826086955
16,11,LUMI,1495.2611090909088,16/11,2134.4347826086955
16,12,LUMI,1543.4120714285714,16/12,2134.4347826086955
17,01,LUMI,1549.6038086956523,17/01,2134.4347826086955
17,02,LUMI,1548.4090100000003,17/02,2134.4347826086955
17,03,LUMI,1605.3963190476188,17/03,2134.4347826086955
17,04,LUMI,1608.634288235294,17/04,2134.4347826086955
17,05,LUMI,1661.559336842105,17/05,2134.4347826086955
17,06,LUMI,1671.8883523809525,17/06,2134.4347826086955
17,07,LUMI,1711.8695863636362,17/07,2134.4347826086955
17,08,LUMI,1782.3016181818175,17/08,2134.4347826086955
17,09,LUMI,1816.2799722222223,17/09,2134.4347826086955
17,10,LUMI,1898.0224368421052,17/10,2134.4347826086955
17,11,LUMI,1884.1036545454551,17/11,2134.4347826086955
17,12,LUMI,2006.2384904761905,17/12,2134.4347826086955
18,01,LUMI,2134.4347826086955,18/01,2134.4347826086955
18,02,LUMI,2091.0625,18/02,2134.4347826086955
13,02,MZTF,3629.0208,13/02,6562.565217391304
13,03,MZTF,3645.896616666667,13/03,6562.565217391304
13,04,MZTF,3493.438142105263,13/04,6562.565217391304
13,05,MZTF,3508.802025,13/05,6562.565217391304
13,06,MZTF,3583.886004761904,13/06,6562.565217391304
13,07,MZTF,3529.501245454546,13/07,6562.565217391304
13,08,MZTF,3691.270771428571,13/08,6562.565217391304
13,09,MZTF,3728.7813875,13/09,6562.565217391304
13,10,MZTF,3807.8407521739136,13/10,6562.565217391304
13,11,MZTF,4038.28989,13/11,6562.565217391304
13,12,MZTF,4223.595021739129,13/12,6562.565217391304
14,01,MZTF,4185.971131818181,14/01,6562.565217391304
14,02,MZTF,4126.638919999999,14/02,6562.565217391304
14,03,MZTF,4266.347195238095,14/03,6562.565217391304
14,04,MZTF,4408.888177777779,14/04,6562.565217391304
14,05,MZTF,4427.555089473683,14/05,6562.565217391304
14,06,MZTF,4332.029999999999,14/06,6562.565217391304
14,07,MZTF,4157.914673913044,14/07,6562.565217391304
14,08,MZTF,4181.205265,14/08,6562.565217391304
14,09,MZTF,4174.29359,14/09,6562.565217391304
14,10,MZTF,4187.189155555556,14/10,6562.565217391304
14,11,MZTF,3983.8683047619043,14/11,6562.565217391304
14,12,MZTF,3977.241526086957,14/12,6562.565217391304
15,01,MZTF,4037.4247523809527,15/01,6562.565217391304
15,02,MZTF,3938.452759999999,15/02,6562.565217391304
15,03,MZTF,3953.279647619048,15/03,6562.565217391304
15,04,MZTF,4029.8632842105267,15/04,6562.565217391304
15,05,MZTF,4174.1045699999995,15/05,6562.565217391304
15,06,MZTF,4488.695227272728,15/06,6562.565217391304
15,07,MZTF,4590.40131904762,15/07,6562.565217391304
15,08,MZTF,4652.660363636363,15/08,6562.565217391304
15,09,MZTF,4460.753766666667,15/09,6562.565217391304
15,10,MZTF,4464.833352631579,15/10,6562.565217391304
15,11,MZTF,4445.145713636364,15/11,6562.565217391304
15,12,MZTF,4417.026434782609,15/12,6562.565217391304
16,01,MZTF,4300.926033333334,16/01,6562.565217391304
16,02,MZTF,4151.897666666667,16/02,6562.565217391304
16,03,MZTF,4249.787040909092,16/03,6562.565217391304
16,04,MZTF,4177.782968421052,16/04,6562.565217391304
16,05,MZTF,4187.738500000001,16/05,6562.565217391304
16,06,MZTF,4367.12339047619,16/06,6562.565217391304
16,07,MZTF,4469.784061904762,16/07,6562.565217391304
16,08,MZTF,4519.602059090908,16/08,6562.565217391304
16,09,MZTF,4555.113495238095,16/09,6562.565217391304
16,10,MZTF,4790.4174,16/10,6562.565217391304
16,11,MZTF,5126.339345454548,16/11,6562.565217391304
16,12,MZTF,5367.1727999999985,16/12,6562.565217391304
17,01,MZTF,5657.396391304348,17/01,6562.565217391304
17,02,MZTF,5828.850734999999,17/02,6562.565217391304
17,03,MZTF,6081.101795238096,17/03,6562.565217391304
17,04,MZTF,5858.775452941177,17/04,6562.565217391304
17,05,MZTF,6056.00104736842,17/05,6562.565217391304
17,06,MZTF,6270.3747476190465,17/06,6562.565217391304
17,07,MZTF,6372.642927272726,17/07,6562.565217391304
17,08,MZTF,6391.699995454546,17/08,6562.565217391304
17,09,MZTF,6311.167183333333,17/09,6562.565217391304
17,10,MZTF,6251.123678947368,17/10,6562.565217391304
17,11,MZTF,6277.708013636365,17/11,6562.565217391304
17,12,MZTF,6295.714285714285,17/12,6562.565217391304
18,01,MZTF,6562.565217391304,18/01,6562.565217391304
18,02,MZTF,6385.125,18/02,6562.565217391304
13,08,OPK,3093.1428571428573,13/08,6274.809523809524
13,09,OPK,3083.75,13/09,6274.809523809524
13,10,OPK,3714.9565217391305,13/10,6274.809523809524
13,11,OPK,3611.05,13/11,6274.809523809524
13,12,OPK,3378.1304347826085,13/12,6274.809523809524
14,01,OPK,2966.818181818182,14/01,6274.809523809524
14,02,OPK,2883.05,14/02,6274.809523809524
14,03,OPK,3275.3809523809523,14/03,6274.809523809524
14,04,OPK,3057.9444444444443,14/04,6274.809523809524
14,05,OPK,2918.8947368421054,14/05,6274.809523809524
14,06,OPK,3122.7,14/06,6274.809523809524
14,07,OPK,3025.086956521739,14/07,6274.809523809524
14,08,OPK,3145.85,14/08,6274.809523809524
14,09,OPK,3124.75,14/09,6274.809523809524
14,10,OPK,3109.3888888888887,14/10,6274.809523809524
14,11,OPK,3182.2380952380954,14/11,6274.809523809524
14,12,OPK,3536.913043478261,14/12,6274.809523809524
15,01,OPK,4102.809523809524,15/01,6274.809523809524
15,02,OPK,5372.0,15/02,6274.809523809524
15,03,OPK,5752.619047619048,15/03,6274.809523809524
15,04,OPK,5681.210526315789,15/04,6274.809523809524
15,05,OPK,6179.75,15/05,6274.809523809524
15,06,OPK,6200.272727272727,15/06,6274.809523809524
15,07,OPK,6274.809523809524,15/07,6274.809523809524
15,08,OPK,5068.909090909091,15/08,6274.809523809524
15,09,OPK,4042.4,15/09,6274.809523809524
15,10,OPK,3545.4210526315787,15/10,6274.809523809524
15,11,OPK,4090.9545454545455,15/11,6274.809523809524
15,12,OPK,4028.0434782608695,15/12,6274.809523809524
16,01,OPK,3373.190476190476,16/01,6274.809523809524
16,02,OPK,3265.0,16/02,6274.809523809524
16,03,OPK,4005.181818181818,16/03,6274.809523809524
16,04,OPK,4094.2105263157896,16/04,6274.809523809524
16,05,OPK,3894.9523809523807,16/05,6274.809523809524
16,06,OPK,3671.8571428571427,16/06,6274.809523809524
16,07,OPK,3804.6190476190477,16/07,6274.809523809524
16,08,OPK,3709.318181818182,16/08,6274.809523809524
16,09,OPK,3817.190476190476,16/09,6274.809523809524
16,10,OPK,3693.153846153846,16/10,6274.809523809524
16,11,OPK,3864.409090909091,16/11,6274.809523809524
16,12,OPK,4376.238095238095,16/12,6274.809523809524
17,01,OPK,3409.1304347826085,17/01,6274.809523809524
17,02,OPK,3162.15,17/02,6274.809523809524
17,03,OPK,2901.2380952380954,17/03,6274.809523809524
17,04,OPK,2781.823529411765,17/04,6274.809523809524
17,05,OPK,2462.3684210526317,17/05,6274.809523809524
17,06,OPK,2330.714285714286,17/06,6274.809523809524
17,07,OPK,2238.7727272727275,17/07,6274.809523809524
17,08,OPK,2225.4545454545455,17/08,6274.809523809524
17,09,OPK,2258.6111111111113,17/09,6274.809523809524
17,10,OPK,2410.5789473684213,17/10,6274.809523809524
17,11,OPK,1909.1818181818182,17/11,6274.809523809524
17,12,OPK,1763.6666666666667,17/12,6274.809523809524
18,01,OPK,1646.8695652173913,18/01,6274.809523809524
18,02,OPK,1393.8125,18/02,6274.809523809524
13,02,ORL,155.71065,13/02,171.63103684210523
13,03,ORL,154.58029999999997,13/03,171.63103684210523
13,04,ORL,149.44063157894735,13/04,171.63103684210523
13,05,ORL,138.435505,13/05,171.63103684210523
13,06,ORL,128.56668095238098,13/06,171.63103684210523
13,07,ORL,125.52982272727276,13/07,171.63103684210523
13,08,ORL,119.10845238095237,13/08,171.63103684210523
13,09,ORL,111.51089999999999,13/09,171.63103684210523
13,10,ORL,89.0311695652174,13/10,171.63103684210523
13,11,ORL,87.96678,13/11,171.63103684210523
13,12,ORL,99.21616521739132,13/12,171.63103684210523
14,01,ORL,94.73394545454545,14/01,171.63103684210523
14,02,ORL,89.58579999999999,14/02,171.63103684210523
14,03,ORL,84.39989047619046,14/03,171.63103684210523
14,04,ORL,87.7932888888889,14/04,171.63103684210523
14,05,ORL,87.46344736842104,14/05,171.63103684210523
14,06,ORL,92.33288,14/06,171.63103684210523
14,07,ORL,90.11422173913044,14/07,171.63103684210523
14,08,ORL,94.663455,14/08,171.63103684210523
14,09,ORL,112.807475,14/09,171.63103684210523
14,10,ORL,116.30778333333332,14/10,171.63103684210523
14,11,ORL,108.21635714285713,14/11,171.63103684210523
14,12,ORL,97.38069130434785,14/12,171.63103684210523
15,01,ORL,96.42626666666668,15/01,171.63103684210523
15,02,ORL,104.80992,15/02,171.63103684210523
15,03,ORL,116.62638571428575,15/03,171.63103684210523
15,04,ORL,125.48415789473684,15/04,171.63103684210523
15,05,ORL,125.41301500000002,15/05,171.63103684210523
15,06,ORL,121.63276818181818,15/06,171.63103684210523
15,07,ORL,127.77925238095234,15/07,171.63103684210523
15,08,ORL,138.61470454545452,15/08,171.63103684210523
15,09,ORL,132.56281333333334,15/09,171.63103684210523
15,10,ORL,125.37687894736841,15/10,171.63103684210523
15,11,ORL,130.64737727272725,15/11,171.63103684210523
15,12,ORL,133.13893043478262,15/12,171.63103684210523
16,01,ORL,140.0377238095238,16/01,171.63103684210523
16,02,ORL,137.29064761904766,16/02,171.63103684210523
16,03,ORL,130.5789,16/03,171.63103684210523
16,04,ORL,122.93293684210528,16/04,171.63103684210523
16,05,ORL,121.55930952380955,16/05,171.63103684210523
16,06,ORL,121.24703809523812,16/06,171.63103684210523
16,07,ORL,120.94742857142857,16/07,171.63103684210523
16,08,ORL,125.93060909090909,16/08,171.63103684210523
16,09,ORL,122.95181904761905,16/09,171.63103684210523
16,10,ORL,121.67582307692308,16/10,171.63103684210523
16,11,ORL,126.06755909090907,16/11,171.63103684210523
16,12,ORL,122.55515238095239,16/12,171.63103684210523
17,01,ORL,125.19866521739131,17/01,171.63103684210523
17,02,ORL,137.34810999999996,17/02,171.63103684210523
17,03,ORL,140.9493904761905,17/03,171.63103684210523
17,04,ORL,136.89021176470587,17/04,171.63103684210523
17,05,ORL,142.56363684210527,17/05,171.63103684210523
17,06,ORL,151.87431428571426,17/06,171.63103684210523
17,07,ORL,152.98671363636367,17/07,171.63103684210523
17,08,ORL,154.82983636363636,17/08,171.63103684210523
17,09,ORL,165.91262777777777,17/09,171.63103684210523
17,10,ORL,171.63103684210523,17/10,171.63103684210523
17,11,ORL,170.51798181818182,17/11,171.63103684210523
17,12,ORL,161.16437142857143,17/12,171.63103684210523
18,01,ORL,156.78561739130433,18/01,171.63103684210523
18,02,ORL,158.61875,18/02,171.63103684210523
13,02,PHOE,894.4475,13/02,2055.5652173913045
13,03,PHOE,932.8127777777777,13/03,2055.5652173913045
13,04,PHOE,939.0673684210526,13/04,2055.5652173913045
13,05,PHOE,1011.1925000000001,13/05,2055.5652173913045
13,06,PHOE,1135.5366666666669,13/06,2055.5652173913045
13,07,PHOE,1149.6122727272727,13/07,2055.5652173913045
13,08,PHOE,1153.2638095238096,13/08,2055.5652173913045
13,09,PHOE,1138.6375,13/09,2055.5652173913045
13,10,PHOE,1257.186956521739,13/10,2055.5652173913045
13,11,PHOE,1275.6554999999996,13/11,2055.5652173913045
13,12,PHOE,1220.7686956521736,13/12,2055.5652173913045
14,01,PHOE,1180.1872727272726,14/01,2055.5652173913045
14,02,PHOE,1148.1975,14/02,2055.5652173913045
14,03,PHOE,1253.8757142857144,14/03,2055.5652173913045
14,04,PHOE,1286.1855555555555,14/04,2055.5652173913045
14,05,PHOE,1230.7215789473685,14/05,2055.5652173913045
14,06,PHOE,1198.4644999999998,14/06,2055.5652173913045
14,07,PHOE,1176.944347826087,14/07,2055.5652173913045
14,08,PHOE,1150.4940000000001,14/08,2055.5652173913045
14,09,PHOE,1197.4815,14/09,2055.5652173913045
14,10,PHOE,1179.1666666666667,14/10,2055.5652173913045
14,11,PHOE,1124.047619047619,14/11,2055.5652173913045
14,12,PHOE,1083.5217391304348,14/12,2055.5652173913045
15,01,PHOE,1083.904761904762,15/01,2055.5652173913045
15,02,PHOE,1136.55,15/02,2055.5652173913045
15,03,PHOE,1192.047619047619,15/03,2055.5652173913045
15,04,PHOE,1178.0526315789473,15/04,2055.5652173913045
15,05,PHOE,1133.0,15/05,2055.5652173913045
15,06,PHOE,1086.2727272727273,15/06,2055.5652173913045
15,07,PHOE,1129.4761904761904,15/07,2055.5652173913045
15,08,PHOE,1141.1818181818182,15/08,2055.5652173913045
15,09,PHOE,1066.3333333333333,15/09,2055.5652173913045
15,10,PHOE,1033.7368421052631,15/10,2055.5652173913045
15,11,PHOE,979.3318181818181,15/11,2055.5652173913045
15,12,PHOE,865.1434782608695,15/12,2055.5652173913045
16,01,PHOE,820.5761904761906,16/01,2055.5652173913045
16,02,PHOE,864.6761904761905,16/02,2055.5652173913045
16,03,PHOE,911.1136363636364,16/03,2055.5652173913045
16,04,PHOE,959.9105263157896,16/04,2055.5652173913045
16,05,PHOE,922.7095238095237,16/05,2055.5652173913045
16,06,PHOE,920.3333333333334,16/06,2055.5652173913045
16,07,PHOE,924.0238095238094,16/07,2055.5652173913045
16,08,PHOE,939.1227272727273,16/08,2055.5652173913045
16,09,PHOE,1010.7809523809526,16/09,2055.5652173913045
16,10,PHOE,1076.076923076923,16/10,2055.5652173913045
16,11,PHOE,1168.8636363636363,16/11,2055.5652173913045
16,12,PHOE,1319.2857142857142,16/12,2055.5652173913045
17,01,PHOE,1295.4782608695652,17/01,2055.5652173913045
17,02,PHOE,1409.3,17/02,2055.5652173913045
17,03,PHOE,1498.5714285714287,17/03,2055.5652173913045
17,04,PHOE,1515.1176470588234,17/04,2055.5652173913045
17,05,PHOE,1624.578947368421,17/05,2055.5652173913045
17,06,PHOE,1566.4761904761904,17/06,2055.5652173913045
17,07,PHOE,1515.909090909091,17/07,2055.5652173913045
17,08,PHOE,1521.590909090909,17/08,2055.5652173913045
17,09,PHOE,1584.111111111111,17/09,2055.5652173913045
17,10,PHOE,1734.7894736842106,17/10,2055.5652173913045
17,11,PHOE,1761.909090909091,17/11,2055.5652173913045
17,12,PHOE,1852.3809523809523,17/12,2055.5652173913045
18,01,PHOE,2055.5652173913045,18/01,2055.5652173913045
18,02,PHOE,2035.6875,18/02,2055.5652173913045
13,02,POLI,1477.807925,13/02,2556.3478260869565
13,03,POLI,1499.655511111111,13/03,2556.3478260869565
13,04,POLI,1482.7152473684207,13/04,2556.3478260869565
13,05,POLI,1522.10091,13/05,2556.3478260869565
13,06,POLI,1549.8624619047619,13/06,2556.3478260869565
13,07,POLI,1536.9231454545452,13/07,2556.3478260869565
13,08,POLI,1540.3753761904761,13/08,2556.3478260869565
13,09,POLI,1569.4306187500003,13/09,2556.3478260869565
13,10,POLI,1686.2363913043478,13/10,2556.3478260869565
13,11,POLI,1743.2494749999994,13/11,2556.3478260869565
13,12,POLI,1779.5106695652173,13/12,2556.3478260869565
14,01,POLI,1726.2183772727278,14/01,2556.3478260869565
14,02,POLI,1691.6506400000003,14/02,2556.3478260869565
14,03,POLI,1795.5190714285716,14/03,2556.3478260869565
14,04,POLI,1830.0034222222223,14/04,2556.3478260869565
14,05,POLI,1842.7085210526313,14/05,2556.3478260869565
14,06,POLI,1870.436835,14/06,2556.3478260869565
14,07,POLI,1844.413530434783,14/07,2556.3478260869565
14,08,POLI,1852.254055,14/08,2556.3478260869565
14,09,POLI,1894.8206800000003,14/09,2556.3478260869565
14,10,POLI,1863.097938888889,14/10,2556.3478260869565
14,11,POLI,1798.5935523809524,14/11,2556.3478260869565
14,12,POLI,1768.5556130434782,14/12,2556.3478260869565
15,01,POLI,1666.6993238095242,15/01,2556.3478260869565
15,02,POLI,1627.3165049999998,15/02,2556.3478260869565
15,03,POLI,1713.6724666666664,15/03,2556.3478260869565
15,04,POLI,1813.4201157894736,15/04,2556.3478260869565
15,05,POLI,1836.2046500000004,15/05,2556.3478260869565
15,06,POLI,1954.9724863636359,15/06,2556.3478260869565
15,07,POLI,1964.1848333333335,15/07,2556.3478260869565
15,08,POLI,1984.404022727273,15/08,2556.3478260869565
15,09,POLI,1913.886093333333,15/09,2556.3478260869565
15,10,POLI,1927.9085842105264,15/10,2556.3478260869565
15,11,POLI,1920.5227363636366,15/11,2556.3478260869565
15,12,POLI,1885.2079173913041,15/12,2556.3478260869565
16,01,POLI,1801.2235238095236,16/01,2556.3478260869565
16,02,POLI,1746.3450285714287,16/02,2556.3478260869565
16,03,POLI,1843.9710090909089,16/03,2556.3478260869565
16,04,POLI,1848.6170368421047,16/04,2556.3478260869565
16,05,POLI,1841.3795666666667,16/05,2556.3478260869565
16,06,POLI,1864.2793190476189,16/06,2556.3478260869565
16,07,POLI,1874.2387476190474,16/07,2556.3478260869565
16,08,POLI,1942.3182090909095,16/08,2556.3478260869565
16,09,POLI,2043.912266666667,16/09,2556.3478260869565
16,10,POLI,2119.733938461539,16/10,2556.3478260869565
16,11,POLI,2194.967759090909,16/11,2556.3478260869565
16,12,POLI,2224.052419047619,16/12,2556.3478260869565
17,01,POLI,2260.717156521739,17/01,2556.3478260869565
17,02,POLI,2215.9965650000004,17/02,2556.3478260869565
17,03,POLI,2255.496638095238,17/03,2556.3478260869565
17,04,POLI,2157.367782352941,17/04,2556.3478260869565
17,05,POLI,2237.0045105263157,17/05,2556.3478260869565
17,06,POLI,2339.5629095238096,17/06,2556.3478260869565
17,07,POLI,2434.1976227272726,17/07,2556.3478260869565
17,08,POLI,2444.675295454545,17/08,2556.3478260869565
17,09,POLI,2406.3680222222224,17/09,2556.3478260869565
17,10,POLI,2453.079384210526,17/10,2556.3478260869565
17,11,POLI,2374.763554545455,17/11,2556.3478260869565
17,12,POLI,2454.375742857143,17/12,2556.3478260869565
18,01,POLI,2556.3478260869565,18/01,2556.3478260869565
18,02,POLI,2477.625,18/02,2556.3478260869565
13,02,PTNR,2084.0,13/02,3214.782608695652
13,03,PTNR,2146.6666666666665,13/03,3214.782608695652
13,04,PTNR,2409.4210526315787,13/04,3214.782608695652
13,05,PTNR,2391.35,13/05,3214.782608695652
13,06,PTNR,2363.3809523809523,13/06,3214.782608695652
13,07,PTNR,2502.318181818182,13/07,3214.782608695652
13,08,PTNR,2746.3333333333335,13/08,3214.782608695652
13,09,PTNR,2662.8125,13/09,3214.782608695652
13,10,PTNR,2947.3478260869565,13/10,3214.782608695652
13,11,PTNR,3201.6,13/11,3214.782608695652
13,12,PTNR,3214.782608695652,13/12,3214.782608695652
14,01,PTNR,3211.7727272727275,14/01,3214.782608695652
14,02,PTNR,3079.55,14/02,3214.782608695652
14,03,PTNR,3126.4761904761904,14/03,3214.782608695652
14,04,PTNR,3186.6666666666665,14/04,3214.782608695652
14,05,PTNR,2984.2631578947367,14/05,3214.782608695652
14,06,PTNR,2870.0,14/06,3214.782608695652
14,07,PTNR,2594.478260869565,14/07,3214.782608695652
14,08,PTNR,2582.7,14/08,3214.782608695652
14,09,PTNR,2708.25,14/09,3214.782608695652
14,10,PTNR,2629.1666666666665,14/10,3214.782608695652
14,11,PTNR,2357.5714285714284,14/11,3214.782608695652
14,12,PTNR,2237.2608695652175,14/12,3214.782608695652
15,01,PTNR,1467.857142857143,15/01,3214.782608695652
15,02,PTNR,1474.75,15/02,3214.782608695652
15,03,PTNR,1328.2380952380952,15/03,3214.782608695652
15,04,PTNR,1062.8210526315788,15/04,3214.782608695652
15,05,PTNR,936.95,15/05,3214.782608695652
15,06,PTNR,923.718181818182,15/06,3214.782608695652
15,07,PTNR,1285.5714285714287,15/07,3214.782608695652
15,08,PTNR,1678.909090909091,15/08,3214.782608695652
15,09,PTNR,1749.2666666666667,15/09,3214.782608695652
15,10,PTNR,1711.157894736842,15/10,3214.782608695652
15,11,PTNR,1815.3636363636363,15/11,3214.782608695652
15,12,PTNR,1763.7391304347825,15/12,3214.782608695652
16,01,PTNR,1764.6190476190477,16/01,3214.782608695652
16,02,PTNR,1777.047619047619,16/02,3214.782608695652
16,03,PTNR,1749.1818181818182,16/03,3214.782608695652
16,04,PTNR,1850.0526315789473,16/04,3214.782608695652
16,05,PTNR,1993.3333333333333,16/05,3214.782608695652
16,06,PTNR,1826.047619047619,16/06,3214.782608695652
16,07,PTNR,1855.3809523809523,16/07,3214.782608695652
16,08,PTNR,1839.6818181818182,16/08,3214.782608695652
16,09,PTNR,1813.7619047619048,16/09,3214.782608695652
16,10,PTNR,1757.8461538461538,16/10,3214.782608695652
16,11,PTNR,1780.3636363636363,16/11,3214.782608695652
16,12,PTNR,1877.857142857143,16/12,3214.782608695652
17,01,PTNR,2148.695652173913,17/01,3214.782608695652
17,02,PTNR,2222.05,17/02,3214.782608695652
17,03,PTNR,2128.190476190476,17/03,3214.782608695652
17,04,PTNR,1910.9411764705883,17/04,3214.782608695652
17,05,PTNR,1889.4736842105262,17/05,3214.782608695652
17,06,PTNR,1901.1904761904761,17/06,3214.782608695652
17,07,PTNR,1805.3636363636363,17/07,3214.782608695652
17,08,PTNR,1772.909090909091,17/08,3214.782608695652
17,09,PTNR,1915.5,17/09,3214.782608695652
17,10,PTNR,1855.7894736842106,17/10,3214.782608695652
17,11,PTNR,1920.3636363636363,17/11,3214.782608695652
17,12,PTNR,2132.5714285714284,17/12,3214.782608695652
18,01,PTNR,2128.521739130435,18/01,3214.782608695652
18,02,PTNR,1849.4375,18/02,3214.782608695652
13,02,SAE,980.391675,13/02,2379.9375
13,03,SAE,976.0673444444445,13/03,2379.9375
13,04,SAE,1064.3177736842106,13/04,2379.9375
13,05,SAE,1161.6098749999999,13/05,2379.9375
13,06,SAE,1174.4869714285717,13/06,2379.9375
13,07,SAE,1187.3548727272728,13/07,2379.9375
13,08,SAE,1280.0842238095236,13/08,2379.9375
13,09,SAE,1297.7445562500002,13/09,2379.9375
13,10,SAE,1321.2575304347824,13/10,2379.9375
13,11,SAE,1257.3865749999998,13/11,2379.9375
13,12,SAE,1219.9163913043478,13/12,2379.9375
14,01,SAE,1240.2359454545453,14/01,2379.9375
14,02,SAE,1212.20014,14/02,2379.9375
14,03,SAE,1259.6605476190475,14/03,2379.9375
14,04,SAE,1255.9233555555556,14/04,2379.9375
14,05,SAE,1181.9667263157892,14/05,2379.9375
14,06,SAE,1119.91782,14/06,2379.9375
14,07,SAE,990.8284739130436,14/07,2379.9375
14,08,SAE,946.5657699999999,14/08,2379.9375
14,09,SAE,983.9999750000001,14/09,2379.9375
14,10,SAE,905.0137000000002,14/10,2379.9375
14,11,SAE,837.1675476190477,14/11,2379.9375
14,12,SAE,787.2267173913044,14/12,2379.9375
15,01,SAE,759.3506095238097,15/01,2379.9375
15,02,SAE,777.5337949999999,15/02,2379.9375
15,03,SAE,821.182380952381,15/03,2379.9375
15,04,SAE,836.2363263157895,15/04,2379.9375
15,05,SAE,824.3822250000001,15/05,2379.9375
15,06,SAE,831.7809090909093,15/06,2379.9375
15,07,SAE,903.1798095238096,15/07,2379.9375
15,08,SAE,955.8456318181819,15/08,2379.9375
15,09,SAE,928.1981866666666,15/09,2379.9375
15,10,SAE,928.5343842105262,15/10,2379.9375
15,11,SAE,1049.354886363636,15/11,2379.9375
15,12,SAE,1088.706060869565,15/12,2379.9375
16,01,SAE,1117.0075285714283,16/01,2379.9375
16,02,SAE,1141.8432714285716,16/02,2379.9375
16,03,SAE,1175.255131818182,16/03,2379.9375
16,04,SAE,1244.164889473684,16/04,2379.9375
16,05,SAE,1232.5326190476187,16/05,2379.9375
16,06,SAE,1196.1529380952377,16/06,2379.9375
16,07,SAE,1249.1724428571429,16/07,2379.9375
16,08,SAE,1330.7304090909095,16/08,2379.9375
16,09,SAE,1381.1969523809526,16/09,2379.9375
16,10,SAE,1386.0363538461543,16/10,2379.9375
16,11,SAE,1356.5791318181816,16/11,2379.9375
16,12,SAE,1369.5718571428574,16/12,2379.9375
17,01,SAE,1373.4369782608694,17/01,2379.9375
17,02,SAE,1481.418865,17/02,2379.9375
17,03,SAE,1636.6348761904762,17/03,2379.9375
17,04,SAE,1799.5294117647059,17/04,2379.9375
17,05,SAE,1878.842105263158,17/05,2379.9375
17,06,SAE,1896.047619047619,17/06,2379.9375
17,07,SAE,1867.2272727272727,17/07,2379.9375
17,08,SAE,1950.9545454545455,17/08,2379.9375
17,09,SAE,1992.2222222222222,17/09,2379.9375
17,10,SAE,2193.1052631578946,17/10,2379.9375
17,11,SAE,2227.7272727272725,17/11,2379.9375
17,12,SAE,2345.6666666666665,17/12,2379.9375
18,01,SAE,2377.6521739130435,18/01,2379.9375
18,02,SAE,2379.9375,18/02,2379.9375
13,02,STRS,4603.44715,13/02,7536.304347826087
13,03,STRS,4667.884188888889,13/03,7536.304347826087
13,04,STRS,4777.690010526317,13/04,7536.304347826087
13,05,STRS,5003.590135,13/05,7536.304347826087
13,06,STRS,5361.512685714286,13/06,7536.304347826087
13,07,STRS,5383.993413636364,13/07,7536.304347826087
13,08,STRS,5546.952557142858,13/08,7536.304347826087
13,09,STRS,5440.871549999999,13/09,7536.304347826087
13,10,STRS,5685.813082608697,13/10,7536.304347826087
13,11,STRS,5946.680045000001,13/11,7536.304347826087
13,12,STRS,6260.619308695651,13/12,7536.304347826087
14,01,STRS,6180.689477272727,14/01,7536.304347826087
14,02,STRS,6076.708124999999,14/02,7536.304347826087
14,03,STRS,5977.731947619048,14/03,7536.304347826087
14,04,STRS,5994.607433333334,14/04,7536.304347826087
14,05,STRS,6007.7349,14/05,7536.304347826087
14,06,STRS,6451.528965,14/06,7536.304347826087
14,07,STRS,6269.0118,14/07,7536.304347826087
14,08,STRS,6180.805745,14/08,7536.304347826087
14,09,STRS,6309.624325,14/09,7536.304347826087
14,10,STRS,6050.0598055555565,14/10,7536.304347826087
14,11,STRS,5877.829642857144,14/11,7536.304347826087
14,12,STRS,5819.562939130436,14/12,7536.304347826087
15,01,STRS,5384.496657142858,15/01,7536.304347826087
15,02,STRS,5466.428575,15/02,7536.304347826087
15,03,STRS,5719.677428571429,15/03,7536.304347826087
15,04,STRS,6041.63335263158,15/04,7536.304347826087
15,05,STRS,6258.5382850000005,15/05,7536.304347826087
15,06,STRS,6064.440222727272,15/06,7536.304347826087
15,07,STRS,5703.175623809525,15/07,7536.304347826087
15,08,STRS,5323.4955727272745,15/08,7536.304347826087
15,09,STRS,5050.34664,15/09,7536.304347826087
15,10,STRS,5242.674321052632,15/10,7536.304347826087
15,11,STRS,5140.987809090909,15/11,7536.304347826087
15,12,STRS,5413.950217391305,15/12,7536.304347826087
16,01,STRS,5275.82832857143,16/01,7536.304347826087
16,02,STRS,5125.8535999999995,16/02,7536.304347826087
16,03,STRS,5229.433145454545,16/03,7536.304347826087
16,04,STRS,5482.122147368422,16/04,7536.304347826087
16,05,STRS,5700.407257142857,16/05,7536.304347826087
16,06,STRS,5842.4045904761915,16/06,7536.304347826087
16,07,STRS,5951.553647619047,16/07,7536.304347826087
16,08,STRS,5975.256436363637,16/08,7536.304347826087
16,09,STRS,5864.1024,16/09,7536.304347826087
16,10,STRS,5947.058215384615,16/10,7536.304347826087
16,11,STRS,5861.847272727273,16/11,7536.304347826087
16,12,STRS,5825.400685714286,16/12,7536.304347826087
17,01,STRS,5935.314365217391,17/01,7536.304347826087
17,02,STRS,6071.186879999999,17/02,7536.304347826087
17,03,STRS,6253.824000000001,17/03,7536.304347826087
17,04,STRS,6244.8768,17/04,7536.304347826087
17,05,STRS,6264.612378947369,17/05,7536.304347826087
17,06,STRS,6589.736228571429,17/06,7536.304347826087
17,07,STRS,6645.3408,17/07,7536.304347826087
17,08,STRS,6670.516436363638,17/08,7536.304347826087
17,09,STRS,6630.333333333333,17/09,7536.304347826087
17,10,STRS,6854.578947368421,17/10,7536.304347826087
17,11,STRS,7167.590909090909,17/11,7536.304347826087
17,12,STRS,7356.0952380952385,17/12,7536.304347826087
18,01,STRS,7536.304347826087,18/01,7536.304347826087
18,02,STRS,7421.6875,18/02,7536.304347826087
